analysis_id,folio_id,layout,objects,relations,notes,annotation_status,text_masked,physical_group,image_id,image_path,image_sha256,crop_bbox_normalized,domains,tentative_domains,relation_patterns,tentative_patterns,object_group_count,relation_count,description
object_relation_v1_b9cbf0c3a6dc,f1v,illustrated,"[{""bbox"":[0.18,0.1,0.95,0.95],""certainty"":""clear"",""count_max"":1,""count_min"":1,""id"":""plant"",""kind"":""whole_plant"",""note"":""""},{""bbox"":[0.18,0.14,0.95,0.66],""certainty"":""clear"",""count_max"":null,""count_min"":12,""id"":""leaves"",""kind"":""leaf"",""note"":""""},{""bbox"":[0.24,0.78,0.85,0.95],""certainty"":""clear"",""count_max"":null,""count_min"":1,""id"":""root"",""kind"":""root"",""note"":""""}]","[{""certainty"":""clear"",""note"":"""",""object"":""plant"",""predicate"":""part_of"",""subject"":""leaves""},{""certainty"":""clear"",""note"":"""",""object"":""plant"",""predicate"":""part_of"",""subject"":""root""},{""certainty"":""clear"",""note"":"""",""object"":""root"",""predicate"":""above"",""subject"":""leaves""}]",Green and ochre leaf-like forms; no species identification.,single_ai_development_review,false,folio_1,1006077,data/folios/images/yale_1006077.jpg,63e8b178270bec6a05cc8ebd2cd6dac5737629555158cdeaa23ab0234d6efbea,"[0,0,1,1]","[""botanical""]",[],[],[],3,3,"Leaf, root, whole plant. leaves part of plant; root part of plant; leaves above root. Green and ochre leaf-like forms; no species identification."
object_relation_v1_b9cbf0c3a6dc,f2v,illustrated,"[{""bbox"":[0.17,0.04,0.94,0.95],""certainty"":""clear"",""count_max"":1,""count_min"":1,""id"":""plant"",""kind"":""whole_plant"",""note"":""""},{""bbox"":[0.24,0.26,0.89,0.61],""certainty"":""clear"",""count_max"":1,""count_min"":1,""id"":""leaf"",""kind"":""leaf"",""note"":""""},{""bbox"":[0.18,0.88,0.94,0.95],""certainty"":""clear"",""count_max"":null,""count_min"":1,""id"":""root"",""kind"":""root"",""note"":""""},{""bbox"":[0.64,0.04,0.89,0.26],""certainty"":""tentative"",""count_max"":1,""count_min"":1,""id"":""flower"",""kind"":""flower_like"",""note"":""""}]","[{""certainty"":""clear"",""note"":"""",""object"":""plant"",""predicate"":""part_of"",""subject"":""leaf""},{""certainty"":""clear"",""note"":"""",""object"":""plant"",""predicate"":""part_of"",""subject"":""root""},{""certainty"":""clear"",""note"":"""",""object"":""leaf"",""predicate"":""above"",""subject"":""flower""}]",Broad round leaf is not classified as a diagram.,single_ai_development_review,false,folio_2,1006079,data/folios/images/yale_1006079.jpg,40ad3afab23564fbeded797854697a973b40e04fa906cb12986b7d7f02c929cd,"[0,0,1,1]","[""botanical""]",[],[],[],4,3,"Flower like, leaf, root, whole plant. leaf part of plant; root part of plant; flower above leaf. Broad round leaf is not classified as a diagram."
object_relation_v1_b9cbf0c3a6dc,f5r,illustrated,"[{""bbox"":[0.21,0.3,0.85,0.94],""certainty"":""clear"",""count_max"":1,""count_min"":1,""id"":""plant"",""kind"":""whole_plant"",""note"":""""},{""bbox"":[0.27,0.4,0.81,0.72],""certainty"":""clear"",""count_max"":null,""count_min"":4,""id"":""leaves"",""kind"":""leaf"",""note"":""""},{""bbox"":[0.2,0.84,0.84,0.95],""certainty"":""clear"",""count_max"":null,""count_min"":1,""id"":""root"",""kind"":""root"",""note"":""""}]","[{""certainty"":""clear"",""note"":"""",""object"":""plant"",""predicate"":""part_of"",""subject"":""leaves""},{""certainty"":""clear"",""note"":"""",""object"":""plant"",""predicate"":""part_of"",""subject"":""root""},{""certainty"":""clear"",""note"":"""",""object"":""root"",""predicate"":""above"",""subject"":""leaves""}]",Ignore faint reverse-side green forms.,single_ai_development_review,false,folio_5,1006084,data/folios/images/yale_1006084.jpg,4449eaeeb92129e101ecc5e5e646ed78732fa454631f1fae67945878e812d944,"[0,0,1,1]","[""botanical""]",[],[],[],3,3,"Leaf, root, whole plant. leaves part of plant; root part of plant; leaves above root. Ignore faint reverse-side green forms."
object_relation_v1_b9cbf0c3a6dc,f13r,illustrated,"[{""bbox"":[0.15,0.25,0.84,0.98],""certainty"":""clear"",""count_max"":1,""count_min"":1,""id"":""plant"",""kind"":""whole_plant"",""note"":""""},{""bbox"":[0.16,0.37,0.8,0.72],""certainty"":""clear"",""count_max"":null,""count_min"":4,""id"":""leaves"",""kind"":""leaf"",""note"":""""},{""bbox"":[0.3,0.69,0.85,0.98],""certainty"":""clear"",""count_max"":1,""count_min"":1,""id"":""root"",""kind"":""root"",""note"":""""},{""bbox"":[0.42,0.25,0.57,0.43],""certainty"":""tentative"",""count_max"":1,""count_min"":1,""id"":""head"",""kind"":""flower_like"",""note"":""""}]","[{""certainty"":""clear"",""note"":"""",""object"":""plant"",""predicate"":""part_of"",""subject"":""leaves""},{""certainty"":""clear"",""note"":"""",""object"":""plant"",""predicate"":""part_of"",""subject"":""root""},{""certainty"":""clear"",""note"":"""",""object"":""leaves"",""predicate"":""above"",""subject"":""head""}]",Large red root-like base with narrow branching extensions.,single_ai_development_review,false,folio_13,1006098,data/folios/images/yale_1006098.jpg,b39e1dc313cbafb007d9c235a674d8ca67c281ce6cf6d8209ac62d69cb8cb4d9,"[0,0,1,1]","[""botanical""]",[],[],[],4,3,"Flower like, leaf, root, whole plant. leaves part of plant; root part of plant; head above leaves. Large red root-like base with narrow branching extensions."
object_relation_v1_b9cbf0c3a6dc,f75r,illustrated,"[{""bbox"":[0.39,0.09,0.85,0.84],""certainty"":""clear"",""count_max"":null,""count_min"":6,""id"":""people"",""kind"":""human_figure"",""note"":""""},{""bbox"":[0.34,0.05,0.62,0.42],""certainty"":""clear"",""count_max"":1,""count_min"":1,""id"":""channel"",""kind"":""channel"",""note"":""""},{""bbox"":[0.41,0.35,0.67,0.56],""certainty"":""clear"",""count_max"":1,""count_min"":1,""id"":""basin1"",""kind"":""basin"",""note"":""""},{""bbox"":[0.52,0.6,0.86,0.86],""certainty"":""clear"",""count_max"":1,""count_min"":1,""id"":""basin2"",""kind"":""basin"",""note"":""""}]","[{""certainty"":""clear"",""note"":"""",""object"":""basin1"",""predicate"":""connected_to"",""subject"":""channel""},{""certainty"":""clear"",""note"":"""",""object"":""basin2"",""predicate"":""above"",""subject"":""basin1""},{""certainty"":""clear"",""note"":"""",""object"":""basin1"",""predicate"":""overlaps"",""subject"":""people""},{""certainty"":""clear"",""note"":"""",""object"":""basin2"",""predicate"":""overlaps"",""subject"":""people""}]",Figures occupy multiple green outlined spaces. No medical or bathing function assigned.,single_ai_development_review,false,folio_75,1006208,data/folios/images/yale_1006208.jpg,3c695db7b2d80a4e0ac246b8258691ac4bbb5d160e669744ef666f81a5f5f146,"[0,0,1,1]","[""basins_channels"",""human_figures""]",[],[],[],4,4,"Basin, channel, human figure. channel connected to basin1; basin1 above basin2; people overlaps basin1; people overlaps basin2. Figures occupy multiple green outlined spaces. No medical or bathing function assigned."
object_relation_v1_b9cbf0c3a6dc,f76v,illustrated,"[{""bbox"":[0.14,0.22,0.33,0.7],""certainty"":""clear"",""count_max"":null,""count_min"":3,""id"":""people"",""kind"":""human_figure"",""note"":""""},{""bbox"":[0.14,0.11,0.31,0.86],""certainty"":""tentative"",""count_max"":null,""count_min"":3,""id"":""forms"",""kind"":""uncertain_form"",""note"":""""},{""bbox"":[0.755,0.035,0.865,0.17],""certainty"":""clear"",""count_max"":1,""count_min"":1,""id"":""upper_right_person"",""kind"":""human_figure"",""note"":""Enlarged scan review confirms a separate figure at upper right.""},{""bbox"":[0.765,0.125,0.84,0.165],""certainty"":""tentative"",""count_max"":1,""count_min"":1,""id"":""small_container"",""kind"":""vessel"",""note"":""Outlined tub-like form around the feet.""}]","[{""certainty"":""clear"",""note"":"""",""object"":""forms"",""predicate"":""overlaps"",""subject"":""people""},{""certainty"":""tentative"",""note"":"""",""object"":""small_container"",""predicate"":""overlaps"",""subject"":""upper_right_person""}]",Figures and patterned forms run down the left margin; another figure stands at upper right beside dense writing. Object counts are not exhaustive.,single_ai_development_review,false,folio_76,1006211,data/folios/images/yale_1006211.jpg,2b07207b38214f74705f5f4c4f1680be953d606bc87c7e32a7231454b57cd067,"[0,0,1,1]","[""containers"",""human_figures""]","[""containers""]",[],[],4,2,"Human figure, uncertain form, vessel. people overlaps forms; upper_right_person overlaps small_container. Figures and patterned forms run down the left margin; another figure stands at upper right beside dense writing. Object counts are not exhaustive."
object_relation_v1_b9cbf0c3a6dc,f78r,illustrated,"[{""bbox"":[0.46,0.34,0.77,0.51],""certainty"":""clear"",""count_max"":null,""count_min"":5,""id"":""upper_people"",""kind"":""human_figure"",""note"":""""},{""bbox"":[0.44,0.69,0.79,0.87],""certainty"":""clear"",""count_max"":null,""count_min"":6,""id"":""lower_people"",""kind"":""human_figure"",""note"":""""},{""bbox"":[0.44,0.33,0.81,0.53],""certainty"":""clear"",""count_max"":1,""count_min"":1,""id"":""upper_basin"",""kind"":""basin"",""note"":""""},{""bbox"":[0.42,0.7,0.8,0.89],""certainty"":""clear"",""count_max"":1,""count_min"":1,""id"":""lower_basin"",""kind"":""basin"",""note"":""""},{""bbox"":[0.15,0.04,0.85,0.36],""certainty"":""clear"",""count_max"":null,""count_min"":1,""id"":""top_channel"",""kind"":""channel"",""note"":""""},{""bbox"":[0.69,0.49,0.76,0.74],""certainty"":""clear"",""count_max"":1,""count_min"":1,""id"":""link"",""kind"":""channel"",""note"":""""}]","[{""certainty"":""clear"",""note"":"""",""object"":""upper_basin"",""predicate"":""inside"",""subject"":""upper_people""},{""certainty"":""clear"",""note"":"""",""object"":""lower_basin"",""predicate"":""inside"",""subject"":""lower_people""},{""certainty"":""clear"",""note"":"""",""object"":""upper_basin"",""predicate"":""connected_to"",""subject"":""link""},{""certainty"":""clear"",""note"":"""",""object"":""lower_basin"",""predicate"":""connected_to"",""subject"":""link""},{""certainty"":""clear"",""note"":"""",""object"":""upper_basin"",""predicate"":""connected_to"",""subject"":""top_channel""},{""certainty"":""clear"",""note"":"""",""object"":""lower_basin"",""predicate"":""above"",""subject"":""upper_basin""}]",,single_ai_development_review,false,folio_78,1006214,data/folios/images/yale_1006214.jpg,fd2810ff8c0952d8a4c15d8f55334038ab507c4c282652df60b26acadd56ddfe,"[0,0,1,1]","[""basins_channels"",""human_figures""]",[],"[""figures_in_linked_basins"",""linked_basins""]",[],6,6,"Basin, channel, human figure. upper_people inside upper_basin; lower_people inside lower_basin; link connected to upper_basin; link connected to lower_basin; top_channel connected to upper_basin; upper_basin above lower_basin. "
object_relation_v1_b9cbf0c3a6dc,f81r,illustrated,"[{""bbox"":[0.19,0.07,0.72,0.18],""certainty"":""clear"",""count_max"":null,""count_min"":6,""id"":""upper_people"",""kind"":""human_figure"",""note"":""""},{""bbox"":[0.23,0.7,0.7,0.81],""certainty"":""clear"",""count_max"":null,""count_min"":5,""id"":""lower_people"",""kind"":""human_figure"",""note"":""""},{""bbox"":[0.15,0.065,0.74,0.2],""certainty"":""clear"",""count_max"":1,""count_min"":1,""id"":""upper_basin"",""kind"":""basin"",""note"":""""},{""bbox"":[0.19,0.69,0.72,0.84],""certainty"":""clear"",""count_max"":1,""count_min"":1,""id"":""lower_basin"",""kind"":""basin"",""note"":""""},{""bbox"":[0.075,0.15,0.23,0.76],""certainty"":""clear"",""count_max"":1,""count_min"":1,""id"":""link"",""kind"":""channel"",""note"":""""}]","[{""certainty"":""clear"",""note"":"""",""object"":""upper_basin"",""predicate"":""inside"",""subject"":""upper_people""},{""certainty"":""clear"",""note"":"""",""object"":""lower_basin"",""predicate"":""inside"",""subject"":""lower_people""},{""certainty"":""clear"",""note"":"""",""object"":""upper_basin"",""predicate"":""connected_to"",""subject"":""link""},{""certainty"":""clear"",""note"":"""",""object"":""lower_basin"",""predicate"":""connected_to"",""subject"":""link""},{""certainty"":""clear"",""note"":"""",""object"":""lower_basin"",""predicate"":""above"",""subject"":""upper_basin""}]","Count bounds are conservative, not complete individual counts.",single_ai_development_review,false,folio_81,1006220,data/folios/images/yale_1006220.jpg,9585a87601197318babaa1a5c8fbd64486440277348433c01904783ffe7d5abc,"[0,0,1,1]","[""basins_channels"",""human_figures""]",[],"[""figures_in_linked_basins"",""linked_basins""]",[],5,5,"Basin, channel, human figure. upper_people inside upper_basin; lower_people inside lower_basin; link connected to upper_basin; link connected to lower_basin; upper_basin above lower_basin. Count bounds are conservative, not complete individual counts."
object_relation_v1_b9cbf0c3a6dc,f57v,illustrated,"[{""bbox"":[0.18,0.07,0.94,0.69],""certainty"":""clear"",""count_max"":null,""count_min"":4,""id"":""rings"",""kind"":""circular_structure"",""note"":""""},{""bbox"":[0.39,0.25,0.78,0.54],""certainty"":""tentative"",""count_max"":4,""count_min"":4,""id"":""people"",""kind"":""human_figure"",""note"":""""},{""bbox"":[0.51,0.345,0.64,0.44],""certainty"":""clear"",""count_max"":1,""count_min"":1,""id"":""centre"",""kind"":""radial_motif"",""note"":""""}]","[{""certainty"":""clear"",""note"":"""",""object"":""rings"",""predicate"":""inside"",""subject"":""people""},{""certainty"":""clear"",""note"":"""",""object"":""rings"",""predicate"":""inside"",""subject"":""centre""}]","Faint figures and rings need independent checking. Circular structure count refers to visible rings, not separate diagrams.",single_ai_development_review,false,folio_57,1006187,data/folios/images/yale_1006187.jpg,76d11b3a5123b46612cebc47d83bcfa60a0524f9bf79848daf9c229f8dbc457c,"[0,0,1,1]","[""diagrammatic"",""human_figures""]","[""human_figures""]",[],[],3,2,"Circular structure, human figure, radial motif. people inside rings; centre inside rings. Faint figures and rings need independent checking. Circular structure count refers to visible rings, not separate diagrams."
object_relation_v1_b9cbf0c3a6dc,f67r1,illustrated,"[{""bbox"":[0.04,0.17,0.96,0.82],""certainty"":""clear"",""count_max"":1,""count_min"":1,""id"":""ring"",""kind"":""circular_structure"",""note"":""""},{""bbox"":[0.23,0.3,0.78,0.65],""certainty"":""clear"",""count_max"":1,""count_min"":1,""id"":""rays"",""kind"":""radial_motif"",""note"":""""},{""bbox"":[0.425,0.435,0.56,0.535],""certainty"":""clear"",""count_max"":1,""count_min"":1,""id"":""face"",""kind"":""face"",""note"":""""},{""bbox"":[0.1,0.26,0.88,0.74],""certainty"":""clear"",""count_max"":null,""count_min"":10,""id"":""stars"",""kind"":""star_like_mark"",""note"":""""}]","[{""certainty"":""clear"",""note"":"""",""object"":""rays"",""predicate"":""inside"",""subject"":""face""},{""certainty"":""clear"",""note"":"""",""object"":""ring"",""predicate"":""inside"",""subject"":""rays""},{""certainty"":""clear"",""note"":"""",""object"":""ring"",""predicate"":""inside"",""subject"":""stars""}]","Celestial-like describes visible face/rays/stars, not an identified astronomical object.",single_ai_development_review,false,foldout_67_68,1006194,data/folios/images/yale_1006194.jpg,ed3657b74b4705da1b2605b12e0a9cda501df9384b8e0f8f5ce392498ee41e84,"[0.0266,0.0208,0.5146,0.9907]","[""celestial_like"",""diagrammatic""]",[],[],[],4,3,"Circular structure, face, radial motif, star like mark. face inside rays; rays inside ring; stars inside ring. Celestial-like describes visible face/rays/stars, not an identified astronomical object."
object_relation_v1_b9cbf0c3a6dc,f68r1,illustrated,"[{""bbox"":[0.055,0.2,0.82,0.72],""certainty"":""clear"",""count_max"":null,""count_min"":15,""id"":""stars"",""kind"":""star_like_mark"",""note"":""""},{""bbox"":[0.35,0.155,0.52,0.26],""certainty"":""clear"",""count_max"":1,""count_min"":1,""id"":""top_disc"",""kind"":""circular_structure"",""note"":""""},{""bbox"":[0.35,0.635,0.54,0.775],""certainty"":""clear"",""count_max"":1,""count_min"":1,""id"":""bottom_disc"",""kind"":""circular_structure"",""note"":""""},{""bbox"":[0.38,0.67,0.49,0.745],""certainty"":""tentative"",""count_max"":1,""count_min"":1,""id"":""face"",""kind"":""face"",""note"":""""}]","[{""certainty"":""clear"",""note"":"""",""object"":""bottom_disc"",""predicate"":""above"",""subject"":""top_disc""},{""certainty"":""clear"",""note"":"""",""object"":""bottom_disc"",""predicate"":""inside"",""subject"":""face""}]",Star-like marks have adjacent labels; no constellations or star names inferred.,single_ai_development_review,false,foldout_67_68,1006196,data/folios/images/yale_1006196.jpg,da1c31e2187794fdba8b4b4b7da0eecd48cd40f403e39586d44dfecd39816cb5,"[0.0201,0.0213,0.3185,0.9778]","[""celestial_like"",""diagrammatic""]",[],[],[],4,2,"Circular structure, face, star like mark. top_disc above bottom_disc; face inside bottom_disc. Star-like marks have adjacent labels; no constellations or star names inferred."
object_relation_v1_b9cbf0c3a6dc,f68v1,illustrated,"[{""bbox"":[0.08,0.13,0.97,0.8],""certainty"":""clear"",""count_max"":1,""count_min"":1,""id"":""ring"",""kind"":""circular_structure"",""note"":""""},{""bbox"":[0.275,0.3,0.795,0.65],""certainty"":""clear"",""count_max"":1,""count_min"":1,""id"":""rays"",""kind"":""radial_motif"",""note"":""""},{""bbox"":[0.23,0.21,0.91,0.73],""certainty"":""clear"",""count_max"":null,""count_min"":15,""id"":""stars"",""kind"":""star_like_mark"",""note"":""""}]","[{""certainty"":""clear"",""note"":"""",""object"":""ring"",""predicate"":""inside"",""subject"":""rays""},{""certainty"":""clear"",""note"":"""",""object"":""ring"",""predicate"":""inside"",""subject"":""stars""}]",Blue rays in a circular field with many small star-like marks.,single_ai_development_review,false,foldout_67_68,1006197,data/folios/images/yale_1006197.jpg,8be5e0d26e8f8b8f03286df9ccf5a04c5d506b42ba63014693b1494ed695c37b,"[0.6881,0.0211,0.9855,0.9775]","[""celestial_like"",""diagrammatic""]",[],[],[],3,2,"Circular structure, radial motif, star like mark. rays inside ring; stars inside ring. Blue rays in a circular field with many small star-like marks."
object_relation_v1_b9cbf0c3a6dc,f70v1,illustrated,"[{""bbox"":[0.16,0.14,0.965,0.77],""certainty"":""clear"",""count_max"":null,""count_min"":2,""id"":""rings"",""kind"":""circular_structure"",""note"":""""},{""bbox"":[0.47,0.395,0.66,0.51],""certainty"":""clear"",""count_max"":1,""count_min"":1,""id"":""animal"",""kind"":""animal"",""note"":""""},{""bbox"":[0.2,0.17,0.945,0.735],""certainty"":""clear"",""count_max"":null,""count_min"":10,""id"":""people"",""kind"":""human_figure"",""note"":""""},{""bbox"":[0.22,0.24,0.88,0.7],""certainty"":""clear"",""count_max"":null,""count_min"":6,""id"":""containers"",""kind"":""vessel"",""note"":""""},{""bbox"":[0.26,0.185,0.87,0.74],""certainty"":""clear"",""count_max"":null,""count_min"":8,""id"":""stars"",""kind"":""star_like_mark"",""note"":""""}]","[{""certainty"":""clear"",""note"":"""",""object"":""rings"",""predicate"":""inside"",""subject"":""animal""},{""certainty"":""clear"",""note"":"""",""object"":""rings"",""predicate"":""inside"",""subject"":""people""},{""certainty"":""clear"",""note"":"""",""object"":""containers"",""predicate"":""overlaps"",""subject"":""people""},{""certainty"":""clear"",""note"":"""",""object"":""rings"",""predicate"":""inside"",""subject"":""stars""}]","Central quadruped, small human figures and tub-like forms. Animal identity deliberately unassigned.",single_ai_development_review,false,folio_70,1006201,data/folios/images/yale_1006201.jpg,7607647c85b29ebd9021a4fc14180dbb49f8b315f94a31f597f6b91a029424e8,"[0,0,1,1]","[""animal_figures"",""celestial_like"",""containers"",""diagrammatic"",""human_figures""]",[],"[""animal_in_circular_diagram""]",[],5,4,"Animal, circular structure, human figure, star like mark, vessel. animal inside rings; people inside rings; people overlaps containers; stars inside rings. Central quadruped, small human figures and tub-like forms. Animal identity deliberately unassigned."
object_relation_v1_b9cbf0c3a6dc,f72r1,illustrated,"[{""bbox"":[0.13,0.13,0.93,0.8],""certainty"":""clear"",""count_max"":null,""count_min"":2,""id"":""rings"",""kind"":""circular_structure"",""note"":""""},{""bbox"":[0.385,0.42,0.56,0.55],""certainty"":""clear"",""count_max"":1,""count_min"":1,""id"":""animal"",""kind"":""animal"",""note"":""""},{""bbox"":[0.17,0.165,0.89,0.79],""certainty"":""clear"",""count_max"":null,""count_min"":8,""id"":""people"",""kind"":""human_figure"",""note"":""""},{""bbox"":[0.28,0.24,0.79,0.68],""certainty"":""clear"",""count_max"":null,""count_min"":4,""id"":""stars"",""kind"":""star_like_mark"",""note"":""""}]","[{""certainty"":""clear"",""note"":"""",""object"":""rings"",""predicate"":""inside"",""subject"":""animal""},{""certainty"":""clear"",""note"":"""",""object"":""rings"",""predicate"":""inside"",""subject"":""people""},{""certainty"":""clear"",""note"":"""",""object"":""rings"",""predicate"":""inside"",""subject"":""stars""}]",Red central quadruped; figures are faint and a dark blemish obscures part of the diagram.,single_ai_development_review,false,folio_72,1006203,data/folios/images/yale_1006203.jpg,3567e0dd91f58faea44099b7b9fd79131e16f11de113980676073a39bb22b7e4,"[0.257,0.0363,0.4784,0.9791]","[""animal_figures"",""celestial_like"",""diagrammatic"",""human_figures""]",[],"[""animal_in_circular_diagram""]",[],4,3,"Animal, circular structure, human figure, star like mark. animal inside rings; people inside rings; stars inside rings. Red central quadruped; figures are faint and a dark blemish obscures part of the diagram."
object_relation_v1_b9cbf0c3a6dc,fRos,illustrated,"[{""bbox"":[0.1,0.055,0.96,0.975],""certainty"":""clear"",""count_max"":9,""count_min"":9,""id"":""nodes"",""kind"":""circular_structure"",""note"":""""},{""bbox"":[0.19,0.18,0.87,0.84],""certainty"":""tentative"",""count_max"":null,""count_min"":4,""id"":""paths"",""kind"":""channel"",""note"":""""},{""bbox"":[0.41,0.07,0.66,0.91],""certainty"":""clear"",""count_max"":null,""count_min"":2,""id"":""rays"",""kind"":""radial_motif"",""note"":""""}]","[{""certainty"":""tentative"",""note"":""Several paths visibly join major circular structures; individual edges are not exhaustively traced."",""object"":""nodes"",""predicate"":""connected_to"",""subject"":""nodes""},{""certainty"":""clear"",""note"":"""",""object"":""nodes"",""predicate"":""inside"",""subject"":""rays""}]",Nine major circular structures; no geographic or cosmological interpretation. Smaller rings are excluded from this count.,single_ai_development_review,false,foldout_rosettes,1006231,data/folios/images/yale_1006231.jpg,0f16acfa51a93c8ba44dcd4c0f7e619648a4144fd4f6d07bed5271694f022daf,"[0,0,1,1]","[""basins_channels"",""diagrammatic""]","[""basins_channels""]","[""linked_circular_structures""]","[""linked_circular_structures""]",3,2,"Channel, circular structure, radial motif. nodes connected to nodes; rays inside nodes. Nine major circular structures; no geographic or cosmological interpretation. Smaller rings are excluded from this count."
object_relation_v1_b9cbf0c3a6dc,f88r,illustrated,"[{""bbox"":[0.065,0.05,0.23,0.9],""certainty"":""clear"",""count_max"":3,""count_min"":3,""id"":""vessels"",""kind"":""vessel"",""note"":""""},{""bbox"":[0.21,0.04,0.975,0.98],""certainty"":""clear"",""count_max"":null,""count_min"":8,""id"":""plants"",""kind"":""plant_part"",""note"":""""},{""bbox"":[0.235,0.075,0.95,0.96],""certainty"":""clear"",""count_max"":null,""count_min"":6,""id"":""roots"",""kind"":""root"",""note"":""""},{""bbox"":[0.26,0.055,0.965,0.98],""certainty"":""clear"",""count_max"":null,""count_min"":6,""id"":""leaves"",""kind"":""leaf"",""note"":""""}]","[{""certainty"":""clear"",""note"":"""",""object"":""plants"",""predicate"":""left_of"",""subject"":""vessels""},{""certainty"":""clear"",""note"":"""",""object"":""plants"",""predicate"":""part_of"",""subject"":""roots""},{""certainty"":""clear"",""note"":"""",""object"":""plants"",""predicate"":""part_of"",""subject"":""leaves""}]",Three ornate vessel-like forms beside rows of detached botanical forms.,single_ai_development_review,false,folio_88,1037112,data/folios/images/yale_1037112.jpg,4d4483d7a911ba9f6c683d4aca54c06aa8bb4d3c3a874154aa37f64ebe902d90,"[0,0,1,1]","[""botanical"",""containers""]",[],"[""vessels_beside_botanical_groups""]",[],4,3,"Leaf, plant part, root, vessel. vessels left of plants; roots part of plants; leaves part of plants. Three ornate vessel-like forms beside rows of detached botanical forms."
object_relation_v1_b9cbf0c3a6dc,f89r1,illustrated,"[{""bbox"":[0.035,0.045,0.18,0.9],""certainty"":""clear"",""count_max"":3,""count_min"":3,""id"":""vessels"",""kind"":""vessel"",""note"":""""},{""bbox"":[0.16,0.015,0.975,0.98],""certainty"":""clear"",""count_max"":null,""count_min"":6,""id"":""plants"",""kind"":""plant_part"",""note"":""""},{""bbox"":[0.21,0.1,0.965,0.985],""certainty"":""clear"",""count_max"":null,""count_min"":5,""id"":""roots"",""kind"":""root"",""note"":""""},{""bbox"":[0.22,0.015,0.965,0.875],""certainty"":""clear"",""count_max"":null,""count_min"":6,""id"":""leaves"",""kind"":""leaf"",""note"":""""}]","[{""certainty"":""clear"",""note"":"""",""object"":""plants"",""predicate"":""left_of"",""subject"":""vessels""},{""certainty"":""clear"",""note"":"""",""object"":""plants"",""predicate"":""part_of"",""subject"":""roots""},{""certainty"":""clear"",""note"":"""",""object"":""plants"",""predicate"":""part_of"",""subject"":""leaves""}]",Three left-margin vessels; small root-and-leaf forms in horizontal groups.,single_ai_development_review,false,folio_89,1006233,data/folios/images/yale_1006233.jpg,b1dd67c6bac9819f74428786b445240ddfe000cc37f181ac7df8888861e4a760,"[0.3081,0.0299,0.5795,0.9754]","[""botanical"",""containers""]",[],"[""vessels_beside_botanical_groups""]",[],4,3,"Leaf, plant part, root, vessel. vessels left of plants; roots part of plants; leaves part of plants. Three left-margin vessels; small root-and-leaf forms in horizontal groups."
object_relation_v1_b9cbf0c3a6dc,f99r,illustrated,"[{""bbox"":[0.07,0.055,0.225,0.79],""certainty"":""clear"",""count_max"":4,""count_min"":4,""id"":""vessels"",""kind"":""vessel"",""note"":""""},{""bbox"":[0.235,0.035,0.975,0.96],""certainty"":""clear"",""count_max"":null,""count_min"":12,""id"":""plants"",""kind"":""plant_part"",""note"":""""},{""bbox"":[0.24,0.035,0.97,0.93],""certainty"":""clear"",""count_max"":null,""count_min"":10,""id"":""roots"",""kind"":""root"",""note"":""""},{""bbox"":[0.27,0.075,0.97,0.955],""certainty"":""clear"",""count_max"":null,""count_min"":4,""id"":""leaves"",""kind"":""leaf"",""note"":""""}]","[{""certainty"":""clear"",""note"":"""",""object"":""plants"",""predicate"":""left_of"",""subject"":""vessels""},{""certainty"":""clear"",""note"":"""",""object"":""plants"",""predicate"":""part_of"",""subject"":""roots""},{""certainty"":""clear"",""note"":"""",""object"":""plants"",""predicate"":""part_of"",""subject"":""leaves""}]",Four red cylindrical vessel-like forms; rows of roots and some leafy pieces.,single_ai_development_review,false,folio_99,1006246,data/folios/images/yale_1006246.jpg,ea3806cf5ea2a8702cb145c63a3b3b07158821e59c2e39b66eeb243cee81fa37,"[0,0,1,1]","[""botanical"",""containers""]",[],"[""vessels_beside_botanical_groups""]",[],4,3,"Leaf, plant part, root, vessel. vessels left of plants; roots part of plants; leaves part of plants. Four red cylindrical vessel-like forms; rows of roots and some leafy pieces."
object_relation_v1_b9cbf0c3a6dc,f100r,illustrated,"[{""bbox"":[0.065,0.04,0.22,0.61],""certainty"":""clear"",""count_max"":2,""count_min"":2,""id"":""vessels"",""kind"":""vessel"",""note"":""""},{""bbox"":[0.155,0.035,0.94,0.635],""certainty"":""clear"",""count_max"":null,""count_min"":10,""id"":""plants"",""kind"":""plant_part"",""note"":""""},{""bbox"":[0.18,0.045,0.94,0.61],""certainty"":""clear"",""count_max"":null,""count_min"":10,""id"":""leaves"",""kind"":""leaf"",""note"":""""},{""bbox"":[0.22,0.1,0.925,0.645],""certainty"":""clear"",""count_max"":null,""count_min"":4,""id"":""roots"",""kind"":""root"",""note"":""""}]","[{""certainty"":""clear"",""note"":"""",""object"":""plants"",""predicate"":""left_of"",""subject"":""vessels""},{""certainty"":""clear"",""note"":"""",""object"":""plants"",""predicate"":""part_of"",""subject"":""leaves""},{""certainty"":""clear"",""note"":"""",""object"":""plants"",""predicate"":""part_of"",""subject"":""roots""}]",Two red vessels beside two main bands of green botanical forms.,single_ai_development_review,false,folio_100,1006248,data/folios/images/yale_1006248.jpg,6ed53d6ad2f8a31fd867be5051c3f4cc35877e85fd66a96685d2f004704727ae,"[0,0,1,1]","[""botanical"",""containers""]",[],"[""vessels_beside_botanical_groups""]",[],4,3,"Leaf, plant part, root, vessel. vessels left of plants; leaves part of plants; roots part of plants. Two red vessels beside two main bands of green botanical forms."
object_relation_v1_b9cbf0c3a6dc,f102r1,illustrated,"[{""bbox"":[0.035,0.01,0.165,0.63],""certainty"":""clear"",""count_max"":3,""count_min"":3,""id"":""vessels"",""kind"":""vessel"",""note"":""""},{""bbox"":[0.16,0.0,0.95,0.94],""certainty"":""clear"",""count_max"":null,""count_min"":4,""id"":""plants"",""kind"":""plant_part"",""note"":""""},{""bbox"":[0.2,0.0,0.95,0.925],""certainty"":""clear"",""count_max"":null,""count_min"":3,""id"":""roots"",""kind"":""root"",""note"":""""},{""bbox"":[0.16,0.0,0.92,0.82],""certainty"":""clear"",""count_max"":null,""count_min"":5,""id"":""leaves"",""kind"":""leaf"",""note"":""""}]","[{""certainty"":""clear"",""note"":"""",""object"":""plants"",""predicate"":""left_of"",""subject"":""vessels""},{""certainty"":""clear"",""note"":"""",""object"":""plants"",""predicate"":""part_of"",""subject"":""roots""},{""certainty"":""clear"",""note"":"""",""object"":""plants"",""predicate"":""part_of"",""subject"":""leaves""}]",The upper botanical form is cut by the panel edge. Do not count faint show-through as extra plants.,single_ai_development_review,false,folio_102,1006251,data/folios/images/yale_1006251.jpg,f6130d8e34f2b52618d32ae104be606b9d65c123ea08476bf72a9664eace7f98,"[0.3389,0.0379,0.6443,0.9809]","[""botanical"",""containers""]",[],"[""vessels_beside_botanical_groups""]",[],4,3,"Leaf, plant part, root, vessel. vessels left of plants; roots part of plants; leaves part of plants. The upper botanical form is cut by the panel edge. Do not count faint show-through as extra plants."
object_relation_v1_b9cbf0c3a6dc,f1r,text_dominant,"[{""bbox"":[0.165,0.25,0.27,0.41],""certainty"":""clear"",""count_max"":null,""count_min"":2,""id"":""red_marks"",""kind"":""decorative_mark"",""note"":""""},{""bbox"":[0.17,0.16,0.87,0.7],""certainty"":""tentative"",""count_max"":null,""count_min"":1,""id"":""show_through"",""kind"":""uncertain_form"",""note"":""Faint green forms appear to be reverse-side show-through.""}]",[],Writing dominates; no foreground plant assigned from show-through.,single_ai_development_review,false,folio_1,1006076,data/folios/images/yale_1006076.jpg,6a7037996dfd4813846dbeda948b0a8f5cd0e6803fc25243d8bd985d6c1df7d4,"[0,0,1,1]","[""text_dominant""]",[],[],[],2,0,"Decorative mark, uncertain form. Writing dominates; no foreground plant assigned from show-through."
object_relation_v1_b9cbf0c3a6dc,f58r,text_dominant,"[{""bbox"":[0.12,0.04,0.26,0.515],""certainty"":""clear"",""count_max"":3,""count_min"":3,""id"":""stars"",""kind"":""star_like_mark"",""note"":""""}]",[],Three star-like marks along the left of a large block of writing; no circular diagram.,single_ai_development_review,false,folio_58,1006188,data/folios/images/yale_1006188.jpg,a7df1e3994cae9379afe32230a567bf93ce1bdca2ae2d95cde2929d23fba83ea,"[0,0,1,1]","[""text_dominant""]",[],[],[],1,0,Star like mark. Three star-like marks along the left of a large block of writing; no circular diagram.
object_relation_v1_b9cbf0c3a6dc,f103r,text_dominant,"[{""bbox"":[0.075,0.06,0.16,0.735],""certainty"":""clear"",""count_max"":null,""count_min"":12,""id"":""stars"",""kind"":""star_like_mark"",""note"":""""}]",[],"Repeated marginal star-like marks beside dense writing. They may function as separators, but that function is not a visual fact.",single_ai_development_review,false,folio_103,1006254,data/folios/images/yale_1006254.jpg,e48af246e7a9995c6deaae9405c696149ffe503bdb47c8636183aa5950afcffc,"[0,0,1,1]","[""text_dominant""]",[],[],[],1,0,"Star like mark. Repeated marginal star-like marks beside dense writing. They may function as separators, but that function is not a visual fact."
object_relation_v1_b9cbf0c3a6dc,f116v,sparse,"[{""bbox"":[0.085,0.07,0.17,0.23],""certainty"":""tentative"",""count_max"":null,""count_min"":1,""id"":""sketch"",""kind"":""uncertain_form"",""note"":""""}]",[],"Sparse writing at the top, faint small left sketch and largely blank parchment.",single_ai_development_review,false,folio_116,1006277,data/folios/images/yale_1006277.jpg,ce0822d1e266c490c98ccdb212f2ed0b7e26df2e9c60f09cc21ec64b76989765,"[0,0,1,1]","[""sparse_marks""]",[],[],[],1,0,"Uncertain form. Sparse writing at the top, faint small left sketch and largely blank parchment."
